site,x,y
Fellshóll,407433.72480424383,7273225.78521476
Kálfaströnd,409221.0086124657,7273727.27580021
Bolir,409775.004551311,7276396.016110453
